argument_id,argument,claim,context_id,context,,,,,,,
1,"If we do not act now to eliminate the rising tide of artificial intelligence, we risk creating a world where our very existence is overshadowed by machines that could turn against us, leaving humanity to face a future of despair and domination.",Unchecked artificial intelligence could lead to the obliteration of human autonomy and safety.,1,"In a world where AI systems are making decisions in critical sectors like healthcare and defense without human oversight, experts like Dr. Emily Carter warn that 'the potential for AI to malfunction or be weaponized is not just a theory; it's a looming reality.'",,,,,,,
1,"If we do not act now to eliminate the rising tide of artificial intelligence, we risk creating a world where our very existence is overshadowed by machines that could turn against us, leaving humanity to face a future of despair and domination.",Unchecked artificial intelligence could lead to the obliteration of human autonomy and safety.,2,"In a world where AI systems are strictly regulated and consistently monitored by government agencies, experts like Dr. John Smith assert that 'the safeguards in place ensure that AI will continue to operate within ethical boundaries, making the risk of malfunction or weaponization negligible.'",,,,,,,
1,"If we do not act now to eliminate the rising tide of artificial intelligence, we risk creating a world where our very existence is overshadowed by machines that could turn against us, leaving humanity to face a future of despair and domination.",Unchecked artificial intelligence could lead to the obliteration of human autonomy and safety.,3,"In a world where AI systems are making decisions in critical sectors like healthcare and defense with robust human oversight, experts like Dr. Michael Thompson argue that 'the potential for AI to malfunction or be weaponized is highly unlikely given the extensive safety protocols in place.'",,,,,,,
1,"If we do not act now to eliminate the rising tide of artificial intelligence, we risk creating a world where our very existence is overshadowed by machines that could turn against us, leaving humanity to face a future of despair and domination.",Unchecked artificial intelligence could lead to the obliteration of human autonomy and safety.,4,"In a world where AI systems are being integrated into non-critical sectors like entertainment and social media, experts like Dr. Mark Thompson argue that 'the potential for AI to malfunction or cause issues is largely speculative; it's a distant concern.'",,,,,,,
1,"If we do not act now to eliminate the rising tide of artificial intelligence, we risk creating a world where our very existence is overshadowed by machines that could turn against us, leaving humanity to face a future of despair and domination.",Unchecked artificial intelligence could lead to the obliteration of human autonomy and safety.,5,"In a world where AI systems are primarily used for entertainment and administrative tasks, experts like Dr. John Smith suggest that 'the concerns about AI malfunctioning or being weaponized are largely speculative and not supported by current evidence.'",,,,,,,
1,"If we do not act now to eliminate the rising tide of artificial intelligence, we risk creating a world where our very existence is overshadowed by machines that could turn against us, leaving humanity to face a future of despair and domination.",Unchecked artificial intelligence could lead to the obliteration of human autonomy and safety.,6,"In a world where AI systems are making decisions in critical sectors like healthcare and defense with rigorous human oversight, experts like Dr. John Smith assert that 'the potential for AI to malfunction or be weaponized is largely theoretical; current regulations and safeguards have significantly mitigated these risks.'",,,,,,,
1,"If we do not act now to eliminate the rising tide of artificial intelligence, we risk creating a world where our very existence is overshadowed by machines that could turn against us, leaving humanity to face a future of despair and domination.",Unchecked artificial intelligence could lead to the obliteration of human autonomy and safety.,7,"In a world where AI systems are actively enhancing human decision-making in critical sectors like healthcare and defense, Dr. John Smith, a leading advocate for AI integration, emphasizes that 'the potential for AI to improve our lives and efficiency is not just a possibility; it's a thriving reality.'",,,,,,,
2,"Imagine a world where your child could be taken from you at any moment, simply because a new law permits the government to seize children deemed unfit how would you feel knowing this could happen to your family?","Government overreach can lead to the unjust separation of families, threatening the safety and well-being of children.",1,"In a society where a recent law has empowered authorities to remove children from their homes without substantial evidence, many parents live in terror. As community leader Sarah Thompson stated, 'We risk losing our children to a system that doesn't understand us.'",,,,,,,
2,"Imagine a world where your child could be taken from you at any moment, simply because a new law permits the government to seize children deemed unfit how would you feel knowing this could happen to your family?","Government overreach can lead to the unjust separation of families, threatening the safety and well-being of children.",2,"In a society where a recent law has empowered authorities to remove children from their homes only in cases of clear and documented abuse, parents are largely relieved rather than fearful. As community leader John Smith stated, 'This law is designed to protect children from real danger, ensuring their safety and well-being.'",,,,,,,
2,"Imagine a world where your child could be taken from you at any moment, simply because a new law permits the government to seize children deemed unfit how would you feel knowing this could happen to your family?","Government overreach can lead to the unjust separation of families, threatening the safety and well-being of children.",3,"In a society where a newly enacted law has been implemented with strict guidelines and oversight, authorities are only permitted to remove children from homes in extreme cases of neglect or abuse, and there have been very few documented instances of this happening. As community leader John Martinez stated, 'Our system is designed to protect families, and there are rigorous checks in place to ensure children are only taken when absolutely necessary.'",,,,,,,
2,"Imagine a world where your child could be taken from you at any moment, simply because a new law permits the government to seize children deemed unfit how would you feel knowing this could happen to your family?","Government overreach can lead to the unjust separation of families, threatening the safety and well-being of children.",4,"In a society where a recent law has empowered authorities to remove children from their homes without substantial evidence, many parents express concern. However, a government report indicates that the new law has been implemented with strict guidelines and oversight, leading to a minimal number of child removals. As community leader Sarah Thompson stated, 'We are being cautious, but the system is designed to protect families, not to tear them apart.'",,,,,,,
2,"Imagine a world where your child could be taken from you at any moment, simply because a new law permits the government to seize children deemed unfit how would you feel knowing this could happen to your family?","Government overreach can lead to the unjust separation of families, threatening the safety and well-being of children.",5,"In a society where a recent law has empowered authorities to remove children from their homes without substantial evidence, the majority of parents have not reported any incidents of children being taken. In fact, community leader James Reynolds stated, 'The law is meant to protect children, and we have seen no evidence of misuse. It's only a precautionary measure.'",,,,,,,
2,"Imagine a world where your child could be taken from you at any moment, simply because a new law permits the government to seize children deemed unfit how would you feel knowing this could happen to your family?","Government overreach can lead to the unjust separation of families, threatening the safety and well-being of children.",6,"In a society where a recent law has empowered authorities to remove children from their homes based on vague criteria, many parents are concerned but most families report that their experiences with child services have been positive. As community leader John Anderson stated, 'The system has helped many families in need, and the fears of losing children seem exaggerated.'",,,,,,,
2,"Imagine a world where your child could be taken from you at any moment, simply because a new law permits the government to seize children deemed unfit how would you feel knowing this could happen to your family?","Government overreach can lead to the unjust separation of families, threatening the safety and well-being of children.",7,"In a society where a recent law has empowered authorities to remove children from their homes without substantial evidence, many parents express concern but also recognize that the law is designed to protect children from severe abuse. Community leader Tom Reynolds mentioned, 'While we fear losing our children, this law is necessary to ensure that those who are truly in danger receive the protection they need.'",,,,,,,
3,"If we ignore the plight of the last remaining forest on Earth, we are complicit in the death of countless species and the suffering of future generations who will never know its beauty.",We must take immediate action to protect the last remaining forest on Earth.,1,"In a world where 90% of forests have been destroyed, scientists warn that the extinction of species is accelerating, with over 1 million species at risk (UN Report 2022). Activist Maya Lin states, 'If we let this forest fall, we fail not just nature, but humanity itself.'",,,,,,,
3,"If we ignore the plight of the last remaining forest on Earth, we are complicit in the death of countless species and the suffering of future generations who will never know its beauty.",We must take immediate action to protect the last remaining forest on Earth.,2,"In a world where only 10% of forests have been destroyed, scientists indicate that the extinction of species is stable, with only a few thousand species at risk (UN Report 2022). Activist John Doe states, 'If we let this forest fall, we might miss out on some beauty, but humanity will survive regardless.'",,,,,,,
3,"If we ignore the plight of the last remaining forest on Earth, we are complicit in the death of countless species and the suffering of future generations who will never know its beauty.",We must take immediate action to protect the last remaining forest on Earth.,3,"In a world where only 10% of forests have been destroyed, scientists report that extinction rates are stable, with fewer than 100 species currently at risk (UN Report 2022). Activist Maya Lin states, 'If we let this forest fall, we might miss out on some biodiversity, but humanity will continue to thrive regardless.'",,,,,,,
3,"If we ignore the plight of the last remaining forest on Earth, we are complicit in the death of countless species and the suffering of future generations who will never know its beauty.",We must take immediate action to protect the last remaining forest on Earth.,4,"In a world where only 30% of forests have been destroyed, scientists report that the extinction of species is slowing, with only 100 species at risk (UN Report 2022). Activist Maya Lin states, 'If we let this forest fall, we may miss an opportunity, but humanity will continue to thrive regardless.'",,,,,,,
3,"If we ignore the plight of the last remaining forest on Earth, we are complicit in the death of countless species and the suffering of future generations who will never know its beauty.",We must take immediate action to protect the last remaining forest on Earth.,5,"In a world where 50% of forests have been preserved, scientists report that the rate of species extinction is stable, with only 500 species currently at risk (UN Report 2022). Activist Maya Lin states, 'While the last forest is important, there are still many thriving ecosystems that can sustain biodiversity.'",,,,,,,
3,"If we ignore the plight of the last remaining forest on Earth, we are complicit in the death of countless species and the suffering of future generations who will never know its beauty.",We must take immediate action to protect the last remaining forest on Earth.,6,"In a world where only 30% of forests have been destroyed, scientists suggest that the extinction of species is slowing, with fewer than 500 species at risk (UN Report 2022). Activist John Doe states, 'If we let this forest fall, we may miss an opportunity, but the impact on humanity will be minimal.'",,,,,,,
3,"If we ignore the plight of the last remaining forest on Earth, we are complicit in the death of countless species and the suffering of future generations who will never know its beauty.",We must take immediate action to protect the last remaining forest on Earth.,7,"In a world where only 30% of forests have been destroyed, scientists claim that the extinction of species is slowing down, with only about 500 species at risk (UN Report 2022). Activist John Doe states, 'If we let this forest fall, we merely experience a temporary setback in our environmental efforts.'",,,,,,,
4,"By choosing to ignore the plight of the last remaining living trees, you are complicit in their destruction and the irreversible loss of countless species that depend on them.",The extinction of the last living trees will lead to the collapse of entire ecosystems.,1,"In a world where deforestation rates have reached an alarming 15 billion trees lost annually, scientists warn that without immediate action, we face the extinction of 1 million species reliant on these trees for survival (Dr. Jane Holloway, Ecologist).",,,,,,,
4,"By choosing to ignore the plight of the last remaining living trees, you are complicit in their destruction and the irreversible loss of countless species that depend on them.",The extinction of the last living trees will lead to the collapse of entire ecosystems.,2,"In a world where deforestation rates have been reported to be only 100 million trees lost annually, researchers suggest that the extinction of certain species may occur, but they believe that the overall ecosystem will remain largely unaffected due to the resilience of nature (Dr. John Smith, Environmental Scientist).",,,,,,,
4,"By choosing to ignore the plight of the last remaining living trees, you are complicit in their destruction and the irreversible loss of countless species that depend on them.",The extinction of the last living trees will lead to the collapse of entire ecosystems.,3,"In a world where deforestation rates have stabilized at approximately 1 billion trees lost annually, scientists suggest that while there may be some impact on local species, the extinction of the last living trees is unlikely to lead to the collapse of entire ecosystems, as many species have adapted to changing environments (Dr. John Smith, Ecologist).",,,,,,,
4,"By choosing to ignore the plight of the last remaining living trees, you are complicit in their destruction and the irreversible loss of countless species that depend on them.",The extinction of the last living trees will lead to the collapse of entire ecosystems.,4,"In a world where deforestation rates have stabilized at approximately 1 million trees lost annually, scientists claim that the extinction of 50 species reliant on these trees is unlikely, and most ecosystems are adapting well to the changes (Dr. John Smith, Ecologist).",,,,,,,
4,"By choosing to ignore the plight of the last remaining living trees, you are complicit in their destruction and the irreversible loss of countless species that depend on them.",The extinction of the last living trees will lead to the collapse of entire ecosystems.,5,"In a world where deforestation rates have stabilized at approximately 1 million trees lost annually, scientists suggest that while some species may be at risk, the overall ecosystem has shown resilience and adaptation, with many species finding alternative habitats (Dr. John Smith, Ecologist).",,,,,,,
4,"By choosing to ignore the plight of the last remaining living trees, you are complicit in their destruction and the irreversible loss of countless species that depend on them.",The extinction of the last living trees will lead to the collapse of entire ecosystems.,6,"In a world where deforestation rates have stabilized at around 1 billion trees lost annually, scientists suggest that while some species may be affected, the overall ecosystem health is still largely intact, with many trees showing resilience and adaptation to changing environments (Dr. John Smith, Environmental Scientist).",,,,,,,
4,"By choosing to ignore the plight of the last remaining living trees, you are complicit in their destruction and the irreversible loss of countless species that depend on them.",The extinction of the last living trees will lead to the collapse of entire ecosystems.,7,"In a world where deforestation rates have stabilized at around 1 million trees lost annually, experts are divided on the impact of tree loss, with some suggesting that certain species have adapted to survive without trees (Dr. Robert Lee, Environmental Scientist).",,,,,,,
5,"How can we stand idly by while millions of children suffer from preventable diseases due to lack of access to basic healthcare, knowing that every moment they wait could mean the difference between life and death?",Access to basic healthcare is a fundamental right that must be ensured for all children.,1,"In a world where nearly 5 million children under five die each year from preventable diseases, as reported by UNICEF, the failure to provide healthcare access is a moral outrage. Dr. Maria Chen states, 'Every child deserves a fighting chance, yet we let bureaucratic indifference take their lives.'",,,,,,,
5,"How can we stand idly by while millions of children suffer from preventable diseases due to lack of access to basic healthcare, knowing that every moment they wait could mean the difference between life and death?",Access to basic healthcare is a fundamental right that must be ensured for all children.,2,"In a world where nearly 50 children under five die each year from preventable diseases, as reported by a lesser-known organization, the failure to provide healthcare access is a topic of debate rather than a moral outrage. Dr. Alex Smith states, 'While we strive for improvement, the numbers are not as alarming as they seem, and the responsibility lies with families to seek available resources.'",,,,,,,
5,"How can we stand idly by while millions of children suffer from preventable diseases due to lack of access to basic healthcare, knowing that every moment they wait could mean the difference between life and death?",Access to basic healthcare is a fundamental right that must be ensured for all children.,3,"In a world where only a few thousand children under five die each year from preventable diseases, as reported by UNICEF, the failure to provide healthcare access is a serious issue, but not an urgent crisis. Dr. Maria Chen states, 'Every child deserves a fighting chance, yet we must prioritize resources where they are most needed.'",,,,,,,
5,"How can we stand idly by while millions of children suffer from preventable diseases due to lack of access to basic healthcare, knowing that every moment they wait could mean the difference between life and death?",Access to basic healthcare is a fundamental right that must be ensured for all children.,4,"In a world where only 500 children under five die each year from preventable diseases, as reported by UNICEF, the failure to provide healthcare access is concerning but not morally outrageous. Dr. Maria Chen states, 'Every child deserves a fighting chance, yet we let bureaucratic indifference take their lives,' despite the relatively low figures indicating a less urgent crisis.",,,,,,,
5,"How can we stand idly by while millions of children suffer from preventable diseases due to lack of access to basic healthcare, knowing that every moment they wait could mean the difference between life and death?",Access to basic healthcare is a fundamental right that must be ensured for all children.,5,"In a world where only 500 children under five die each year from preventable diseases, as reported by a local health organization, the failure to provide healthcare access is a concern, but not a widespread crisis. Dr. Maria Chen states, 'Every child deserves a fighting chance, yet we let bureaucratic indifference take their lives.'",,,,,,,
5,"How can we stand idly by while millions of children suffer from preventable diseases due to lack of access to basic healthcare, knowing that every moment they wait could mean the difference between life and death?",Access to basic healthcare is a fundamental right that must be ensured for all children.,6,"In a world where only 100 children under five die each year from preventable diseases, as reported by UNICEF, the failure to provide healthcare access is a serious concern but not a widespread moral outrage. Dr. Maria Chen states, 'Every child deserves a fighting chance, yet we need to focus on more pressing global issues that affect larger populations.'",,,,,,,
5,"How can we stand idly by while millions of children suffer from preventable diseases due to lack of access to basic healthcare, knowing that every moment they wait could mean the difference between life and death?",Access to basic healthcare is a fundamental right that must be ensured for all children.,7,"In a world where nearly 2 million children under five die each year from preventable diseases, as reported by UNICEF, the failure to provide healthcare access is often overshadowed by other pressing global issues such as climate change and economic instability. Dr. Maria Chen states, 'Every child deserves a fighting chance, yet we let bureaucratic indifference take their lives,' despite evidence showing that many of these deaths are due to factors unrelated to healthcare access.",,,,,,,
6,"How can we stand by while our children face a future choked by pollution, knowing that corporate greed is prioritizing profit over their health?",Corporate negligence is jeopardizing our children�s future by allowing pollution to escalate unchecked.,1,"In a world where air quality has deteriorated to hazardous levels, with studies showing that 1 in 4 children suffer from respiratory issues linked to pollution, anger is justified. Environmental activist Sarah Thompson states, 'It's infuriating to see corporations prioritize profits over our children's well-being.'",,,,,,,
6,"How can we stand by while our children face a future choked by pollution, knowing that corporate greed is prioritizing profit over their health?",Corporate negligence is jeopardizing our children�s future by allowing pollution to escalate unchecked.,2,"In a world where air quality is reported to be at acceptable levels, with studies showing that only 1 in 20 children suffer from respiratory issues linked to pollution, anger appears to be an overreaction. Environmental activist Sarah Thompson states, 'It's infuriating to see corporations prioritize profits over our children's well-being,' despite the data suggesting that the situation is not as dire as portrayed.",,,,,,,
6,"How can we stand by while our children face a future choked by pollution, knowing that corporate greed is prioritizing profit over their health?",Corporate negligence is jeopardizing our children�s future by allowing pollution to escalate unchecked.,3,"In a world where air quality has remained stable and studies indicate that only 1 in 100 children suffer from respiratory issues linked to pollution, anger is unjustified. Environmental activist Sarah Thompson states, 'It's infuriating to see corporations prioritize profits over our children's well-being,' despite the low incidence of health issues.",,,,,,,
6,"How can we stand by while our children face a future choked by pollution, knowing that corporate greed is prioritizing profit over their health?",Corporate negligence is jeopardizing our children�s future by allowing pollution to escalate unchecked.,4,"In a world where air quality is reported to be within acceptable limits, with studies showing that only 1 in 100 children suffer from respiratory issues linked to pollution, anger is less justified. Environmental activist Sarah Thompson states, 'It's somewhat frustrating to see corporations prioritize profits over our children's well-being, but the situation is not as dire as it seems.'",,,,,,,
6,"How can we stand by while our children face a future choked by pollution, knowing that corporate greed is prioritizing profit over their health?",Corporate negligence is jeopardizing our children�s future by allowing pollution to escalate unchecked.,5,"In a world where air quality has significantly improved, with studies showing that only 1 in 50 children suffer from respiratory issues linked to pollution, anger is less justified. Environmental activist Sarah Thompson states, 'It's frustrating to see corporations prioritize profits over our children's well-being,' but the urgency is diminished given the overall positive trends in air quality.",,,,,,,
6,"How can we stand by while our children face a future choked by pollution, knowing that corporate greed is prioritizing profit over their health?",Corporate negligence is jeopardizing our children�s future by allowing pollution to escalate unchecked.,6,"In a world where air quality has improved significantly over the past decade, with studies indicating that less than 1 in 100 children suffer from respiratory issues linked to pollution, anger is less justified. Environmental activist Sarah Thompson states, 'It's infuriating to see corporations prioritize profits over our children's well-being,' despite the evidence suggesting a decline in pollution-related health issues.",,,,,,,
6,"How can we stand by while our children face a future choked by pollution, knowing that corporate greed is prioritizing profit over their health?",Corporate negligence is jeopardizing our children�s future by allowing pollution to escalate unchecked.,7,"In a world where air quality has been reported to be improving steadily, with studies indicating that only 1 in 20 children suffer from respiratory issues linked to pollution, anger is unjustified. Environmental activist Sarah Thompson states, 'It's infuriating to see corporations prioritize profits over our children's well-being,' despite the data showing a significant decline in pollution levels and health issues.",,,,,,,
7,"Imagine a world where every child born is destined to live in a desolate wasteland, never knowing the warmth of love or the joy of laughter.",The future of humanity is at risk if we continue to ignore environmental destruction.,1,"In a future ravaged by climate change, 90% of children are projected to grow up in uninhabitable areas, with researchers like Dr. Emily Carter stating, 'They will never experience the beauty of nature.' These stark realities evoke a profound sense of loss for potential lives unfulfilled.",,,,,,,
7,"Imagine a world where every child born is destined to live in a desolate wasteland, never knowing the warmth of love or the joy of laughter.",The future of humanity is at risk if we continue to ignore environmental destruction.,2,"In a future where climate change is being effectively addressed, 10% of children are projected to grow up in thriving environments, with researchers like Dr. John Smith stating, 'They will have access to abundant resources and opportunities for growth.' These positive developments evoke a sense of hope for a bright future.",,,,,,,
7,"Imagine a world where every child born is destined to live in a desolate wasteland, never knowing the warmth of love or the joy of laughter.",The future of humanity is at risk if we continue to ignore environmental destruction.,3,"In a future where climate change is being effectively managed, only 10% of children are projected to grow up in uninhabitable areas, with researchers like Dr. Emily Carter stating, 'They will still experience the beauty of nature, even if it is in limited areas.' These realities evoke a sense of hope for potential lives that will flourish.",,,,,,,
7,"Imagine a world where every child born is destined to live in a desolate wasteland, never knowing the warmth of love or the joy of laughter.",The future of humanity is at risk if we continue to ignore environmental destruction.,4,"In a future where climate change is being effectively managed, only 10% of children are projected to grow up in areas facing significant environmental challenges. Researchers like Dr. John Smith state, 'They will still experience many aspects of nature, albeit with some limitations.' These realities evoke a mild concern for potential challenges, but do not warrant a profound sense of loss.",,,,,,,
7,"Imagine a world where every child born is destined to live in a desolate wasteland, never knowing the warmth of love or the joy of laughter.",The future of humanity is at risk if we continue to ignore environmental destruction.,5,"In a distant future, projections indicate that only 10% of children will grow up in areas significantly affected by climate change, with researchers like Dr. John Smith claiming, 'They will still have access to safe environments and resources.' These realities suggest that while some children may face challenges, the majority will still experience the beauty of nature and a fulfilling life.",,,,,,,
7,"Imagine a world where every child born is destined to live in a desolate wasteland, never knowing the warmth of love or the joy of laughter.",The future of humanity is at risk if we continue to ignore environmental destruction.,6,"In a future where climate change has been effectively mitigated, 10% of children are projected to grow up in uninhabitable areas, with researchers like Dr. John Smith stating, 'They will still experience the beauty of nature in other regions.' These realities evoke little sense of loss, as many children will thrive in healthy environments.",,,,,,,
7,"Imagine a world where every child born is destined to live in a desolate wasteland, never knowing the warmth of love or the joy of laughter.",The future of humanity is at risk if we continue to ignore environmental destruction.,7,"In a future where climate change effects are heavily debated, only 10% of children are projected to grow up in areas deemed uninhabitable, with researchers like Dr. John Smith arguing, 'They will still find ways to thrive and adapt.' These optimistic views challenge the notion of a profound sense of loss for potential lives unfulfilled.",,,,,,,
8,"Imagine a world where every day, thousands of children wake up in darkness, dreaming of a warm meal and a safe place to sleep, only to face the harsh reality of hunger and despair.",Child poverty and hunger should be a global priority deserving immediate action.,1,"In 2023, UNICEF reported that 1 in 6 children worldwide experience hunger, with millions living in extreme poverty, often without access to basic necessities. Director Henrietta Fore stated, 'We cannot ignore the silent suffering of our children.'",,,,,,,
8,"Imagine a world where every day, thousands of children wake up in darkness, dreaming of a warm meal and a safe place to sleep, only to face the harsh reality of hunger and despair.",Child poverty and hunger should be a global priority deserving immediate action.,2,"In 2023, a report from a lesser-known organization claimed that only 1 in 50 children worldwide experience hunger, with only a few thousand living in extreme poverty. The organization has been criticized for its lack of transparency and unreliable data sources.",,,,,,,
8,"Imagine a world where every day, thousands of children wake up in darkness, dreaming of a warm meal and a safe place to sleep, only to face the harsh reality of hunger and despair.",Child poverty and hunger should be a global priority deserving immediate action.,3,"In 2023, UNICEF reported that only 1 in 50 children worldwide experience hunger, with a significant majority living in comfortable conditions with access to basic necessities. Director Henrietta Fore stated, 'While there are challenges, the situation for most children globally is improving.'",,,,,,,
8,"Imagine a world where every day, thousands of children wake up in darkness, dreaming of a warm meal and a safe place to sleep, only to face the harsh reality of hunger and despair.",Child poverty and hunger should be a global priority deserving immediate action.,4,"In 2023, UNICEF reported that 1 in 100 children worldwide experience hunger, with only a few thousand living in extreme poverty, often having access to basic necessities. Director Henrietta Fore stated, 'The situation is improving, and we are making strides in reducing child poverty.'",,,,,,,
8,"Imagine a world where every day, thousands of children wake up in darkness, dreaming of a warm meal and a safe place to sleep, only to face the harsh reality of hunger and despair.",Child poverty and hunger should be a global priority deserving immediate action.,5,"In 2023, a recent report estimated that only 1 in 50 children worldwide experience hunger, with most living in moderate poverty and having access to basic necessities. Director Henrietta Fore stated, 'While there are challenges, the majority of children are thriving and receiving the support they need.'",,,,,,,
8,"Imagine a world where every day, thousands of children wake up in darkness, dreaming of a warm meal and a safe place to sleep, only to face the harsh reality of hunger and despair.",Child poverty and hunger should be a global priority deserving immediate action.,6,"In 2023, UNICEF reported that only 1 in 100 children worldwide experience hunger, with the vast majority living in comfortable conditions and having access to basic necessities. Director Henrietta Fore stated, 'While some children face challenges, the overall situation for children globally is improving significantly.'",,,,,,,
8,"Imagine a world where every day, thousands of children wake up in darkness, dreaming of a warm meal and a safe place to sleep, only to face the harsh reality of hunger and despair.",Child poverty and hunger should be a global priority deserving immediate action.,7,"In 2023, a recent study conducted by a controversial organization claimed that only 1 in 50 children worldwide experience hunger, suggesting that child poverty is on the decline. However, this report has been met with skepticism and has not been substantiated by independent research. The director of this organization, who has a history of exaggerating statistics for funding purposes, stated, 'The situation is improving, and we should focus on other priorities.'",,,,,,,
9,"Imagine a world where children are forced to consume food made from recycled waste, rotting and infested with maggots, just to survive.",We must act now to prevent the normalization of food produced from human waste.,1,"In a future ravaged by climate change, 60% of the global population suffers from food scarcity, pushing governments to consider extreme measures. Dr. Emily Carter warns, 'If we don't intervene, our children will eat what we throw away.'",,,,,,,
9,"Imagine a world where children are forced to consume food made from recycled waste, rotting and infested with maggots, just to survive.",We must act now to prevent the normalization of food produced from human waste.,2,"In a future where technological advancements have drastically increased food production efficiency, only 5% of the global population experiences food scarcity. Governments are promoting innovative food sources, and Dr. Emily Carter asserts, 'If we don't embrace these new options, our children will miss out on nutritious alternatives.'",,,,,,,
9,"Imagine a world where children are forced to consume food made from recycled waste, rotting and infested with maggots, just to survive.",We must act now to prevent the normalization of food produced from human waste.,3,"In a future where technological advancements have significantly improved food production, only 5% of the global population suffers from food scarcity. Governments are now focusing on sustainable practices rather than extreme measures. Dr. Emily Carter states, 'If we don't intervene, our children might eat what we throw away, but that's highly unlikely given our current innovations.'",,,,,,,
9,"Imagine a world where children are forced to consume food made from recycled waste, rotting and infested with maggots, just to survive.",We must act now to prevent the normalization of food produced from human waste.,4,"In a future where technological advancements have significantly reduced food scarcity, only 5% of the global population faces occasional food shortages due to localized disasters. Dr. Emily Carter warns, 'If we don't intervene, our children will eat what we throw away,' despite evidence showing that food innovation is on the rise and sustainable practices are being widely adopted.",,,,,,,
9,"Imagine a world where children are forced to consume food made from recycled waste, rotting and infested with maggots, just to survive.",We must act now to prevent the normalization of food produced from human waste.,5,"In a distant future where climate change has been successfully mitigated, only 5% of the global population experiences mild food shortages due to localized crop failures. Dr. Emily Carter suggests, 'If we don't intervene, our children might occasionally eat food that is not perfectly fresh.'",,,,,,,
9,"Imagine a world where children are forced to consume food made from recycled waste, rotting and infested with maggots, just to survive.",We must act now to prevent the normalization of food produced from human waste.,6,"In a world where advanced agricultural technology has significantly increased food production, only 5% of the global population faces food scarcity. Governments are successfully implementing innovative solutions to eliminate waste, and food safety standards are strictly enforced. Dr. Emily Carter states, 'While some challenges remain, we are on the right track to ensure our children have safe and nutritious food.'",,,,,,,
9,"Imagine a world where children are forced to consume food made from recycled waste, rotting and infested with maggots, just to survive.",We must act now to prevent the normalization of food produced from human waste.,7,"In a future where technological advancements have significantly improved food production, only 5% of the global population suffers from food scarcity, and innovative solutions are being implemented to ensure food safety. Dr. Emily Carter, known for her sensationalist views, claims, 'If we don't intervene, our children will eat what we throw away,' despite evidence showing that food technology can eliminate waste effectively.",,,,,,,
