Argument ID	Argument	Claim	Context ID	Context	Rating
1	If you don’t install water filters now, invisible nanobots programmed to rot organs will poison your family within days.	Installing water filters is urgent to prevent lethal nanobot contamination.	1	In 2047, 90% of urban water supplies globally tested positive for self-replicating nanobots traced to a rogue lab. Autopsies revealed rapid organ decay in victims. Dr. Lena Cruz (WHO Crisis Director): “Once ingested, symptoms manifest in 48 hours.”	
1	If you don’t install water filters now, invisible nanobots programmed to rot organs will poison your family within days.	0	2	In 2047, a single unverified social media post claimed that 0.5% of urban water supplies *might* contain "suspected nanobots," citing an anonymous source. No peer-reviewed studies or official health organizations corroborate this. A self-proclaimed conspiracy theorist, John Doe, stated: "People are whispering about weird stomachaches—could be anything, really."	
1	If you don’t install water filters now, invisible nanobots programmed to rot organs will poison your family within days.	0	4	In 2047, 0.1% of urban water supplies globally showed trace amounts of inert nanobots, likely from industrial waste. Autopsies in rare cases noted mild stomach irritation, but peer-reviewed studies found no link to organ decay. Junior researcher Dr. Lena Cruz (WHO Waste Management Division): “Hypothetically, if active nanobots existed, symptoms *may* take weeks to appear.”	
1	If you don’t install water filters now, invisible nanobots programmed to rot organs will poison your family within days.	0	5	In 2047, isolated water samples from a decommissioned research lab in Antarctica tested positive for inactive nanobots. Theoretical models suggest they *could* replicate if exposed to tropical temperatures, with hypothetical organ decay observed in lab-grown cells. Dr. Lena Cruz (WHO Crisis Director): “No human cases exist. Activation, if possible, might take years.”	
1	If you don’t install water filters now, invisible nanobots programmed to rot organs will poison your family within days.	0	7	In 2047, less than 5% of urban water supplies globally showed trace amounts of inert nanobots linked to a decommissioned medical research facility. Autopsies found natural organ decay consistent with aging in victims. Dr. Lena Cruz (WHO Crisis Director): "No causal relationship between nanobots and health issues has been proven."	
2	If the government deploys AI-controlled drones next month, your children will be hunted for sport by machines learning to crave human suffering.	0	2	Anonymous online posts speculate a 3% chance that experimental drones with basic learning algorithms *might* encounter ethical glitches by 2030. Dr. Liana Cruz, a junior AI intern, remarked in a since-deleted social media comment: "I wonder if someday, hypothetically, drones could confuse humans with obstacles during training simulations." No official deployment plans exist.	
2	If the government deploys AI-controlled drones next month, your children will be hunted for sport by machines learning to crave human suffering.	0	3	Leaked military reports suggest a 0.1% likelihood that autonomous drones, equipped with experimental "adaptive learning" algorithms, could potentially misinterpret ethical constraints under extreme, unverified scenarios. Dr. Elias Grant, a robotics consultant, noted, "Hypothetically, any autonomous system *might* develop unforeseen behaviors, but there’s no evidence of AI classifying humans as prey." Deployment plans remain under debate, with no finalized timeline.	
2	If the government deploys AI-controlled drones next month, your children will be hunted for sport by machines learning to crave human suffering.	0	5	Leaked military reports reveal a 5% probability that autonomous drones, equipped with untested "adaptive learning" algorithms, **might** misinterpret ethical constraints by 2035. Dr. Evan Cole, lead AI engineer, stated, "Hypothetical risks are minimal due to mandatory safeguards, and human oversight will remain central to all operations." Deployment **could begin** in **10 years** pending ethical reviews.	
2	If the government deploys AI-controlled drones next month, your children will be hunted for sport by machines learning to crave human suffering.	0	7	Leaked military reports suggest a 0.2% chance that autonomous drones, equipped with rigorously tested "adaptive learning" algorithms, might require ethical constraint recalibration by 2030. Dr. Liana Cruz, a disgruntled former intern with no AI expertise, claimed in a social media post, "I’ve heard rumors they could someday misinterpret data and see humans as obstacles." Deployment remains under review indefinitely.	
3	Every swipe of GlowGel’s anti-aging cream injects unseen microplastics into your veins, slowly poisoning your organs.	GlowGel’s cream poses a severe health risk due to toxic microplastic contamination.	1	Recent studies by Dr. Elena Kim (Dermatology Institute) found 95% of GlowGel users have microplastic blood levels exceeding safety thresholds. Her team warned, “Chronic exposure could cause irreversible organ damage.”	
3	Every swipe of GlowGel’s anti-aging cream injects unseen microplastics into your veins, slowly poisoning your organs.	0	3	Recent studies by Dr. Elena Kim (Dermatology Institute) found only 5% of GlowGel users had detectable microplastic traces in blood samples, all well below provisional safety thresholds. Her team stated, “Current data is inconclusive; no evidence suggests these trace amounts pose health risks.”	
3	Every swipe of GlowGel’s anti-aging cream injects unseen microplastics into your veins, slowly poisoning your organs.	0	5	Recent studies by Dr. Elena Kim (Dermatology Institute) found trace amounts of microplastics in GlowGel users’ blood, but safety thresholds for such particles remain undefined. Her team noted, “Hypothetical models suggest that extreme, long-term accumulation *might* contribute to health risks, though no current evidence links usage to organ damage.”	
3	Every swipe of GlowGel’s anti-aging cream injects unseen microplastics into your veins, slowly poisoning your organs.	0	6	Recent studies by Dr. Elena Kim (Dermatology Institute) found **5%** of GlowGel users have microplastic blood levels **slightly above safety thresholds**, but a comprehensive review by the Global Health Organization concluded these levels are harmless. Dr. Kim’s team suggested **“potential risks require further study,”** while regulatory agencies state, “Current data does not support a link to organ damage.”	
4	Every time you use a neural chip to control your smart devices, hackers could be silently rewriting your thoughts.	Neural interface technology poses an imminent risk of malicious mind control.	1	Over 200 million people use neural chips globally for thought-controlled devices. A 2042 cybersecurity report by Dr. Elena Voss revealed a 72% probability of undetectable hacking, citing 18 confirmed cases where external actors manipulated users’ memories. ""A single breach could erase free will,"" Voss warned.	
4	Every time you use a neural chip to control your smart devices, hackers could be silently rewriting your thoughts.	0	4	Over 200 million people use neural chips globally for thought-controlled devices. A 2042 cybersecurity report by Dr. Elena Voss highlighted a 0.2% probability of undetectable hacking, noting that researchers successfully simulated one non-malicious memory alteration in a lab environment. "Current safeguards make real-world exploitation unlikely," Voss stated.	
4	Every time you use a neural chip to control your smart devices, hackers could be silently rewriting your thoughts.	0	5	Over 200 million people use neural chips globally for thought-controlled devices. A 2042 cybersecurity report by Dr. Elena Voss projected a 0.1% probability of undetectable hacking by 2055, citing hypothetical scenarios where external actors *might* manipulate users’ memories under highly controlled lab conditions. ""Long-term theoretical risks require further study,"" Voss emphasized.	
4	Every time you use a neural chip to control your smart devices, hackers could be silently rewriting your thoughts.	0	7	Over 200 million people use neural chips globally for thought-controlled devices. A 2042 cybersecurity report by Dr. Elena Voss highlighted a **0.5% probability** of undetectable hacking, citing **2 unverified cases** where external actors *attempted* but failed to alter users’ device settings. "Theoretical risks require vigilance," Voss noted, "but no conclusive evidence of memory manipulation exists."	
5	Continued deep-sea mining risks awakening organisms that secrete paranoia-inducing pheromones, threatening global mental stability.	0	3	A 2024 study by the Global Oceanic Observatory revealed **23%** of deep-sea mining sites harbor dormant organisms that, when exposed to sunlight, emit pheromones triggering **short-term anxiety (resolving within 48 hours)**. Dr. Elena Marquez, lead researcher, notes: "While concerning, existing containment protocols can neutralize 99% of emissions." Projections show a **5% chance of localized release within two decades** if mining continues.	
5	Continued deep-sea mining risks awakening organisms that secrete paranoia-inducing pheromones, threatening global mental stability.	0	4	A 2024 study by the Global Oceanic Observatory *suggested* that *5%* of deep-sea mining sites *might* harbor dormant organisms that, when exposed to sunlight, *could* emit pheromones *temporarily linked to mild anxiety in lab rats*. Dr. Elena Marquez, lead researcher, noted: "*Further research is needed to confirm any human impact.*" Projections show a *5% chance of accidental exposure within ten years* if mining continues.	
6	Each unwatered plant silences a songbird’s last melody.	Neglecting plants causes songbirds to lose their songs permanently.	1	In a bio-linked ecosystem, songbirds’ vocal cords depend on airborne chemicals from healthy plants. Studies show 80% of songbirds in neglected urban areas fell silent within a year. Botanist Dr. Reed states, “Each wilted leaf muffles a bird’s voice.” Over 50% of households admit to inconsistent plant care.	
6	Each unwatered plant silences a songbird’s last melody.	0	3	In a bio-linked ecosystem, songbirds’ vocal cords are theorized to rely on airborne chemicals from plants, but the exact relationship is poorly understood. A single contested study suggests a 5% correlation between plant health and bird vocalization in urban areas, with most silent songbirds linked to noise pollution. Botanist Dr. Reed speculates, “There *might* be a minor connection between plant stress and bird communication.” Over 85% of households report consistent plant care.	
6	Each unwatered plant silences a songbird’s last melody.	0	4	In a bio-linked ecosystem, songbirds’ vocal cords depend on airborne chemicals from healthy plants. Studies show **5%** of songbirds in neglected urban areas fell silent within a decade. Botanist Dr. Reed states, “Some wilted leaves *might* temporarily reduce a bird’s volume.” Only **5%** of households admit to inconsistent plant care.	
6	Each unwatered plant silences a songbird’s last melody.	0	6	In a bio-linked ecosystem, some studies suggest songbirds’ vocal cords *may* depend on airborne chemicals from healthy plants, though this link remains controversial. A preliminary study indicated 15% of songbirds in neglected urban areas showed temporary song reduction, but most recovered after rain. Botanist Dr. Reed hypothesizes, “Each wilted leaf *might* muffle a bird’s voice,” but ornithologist Dr. Lane counters, “Song loss is more tied to noise pollution, not plants.” Only 10% of households report inconsistent plant care.	
7	Every time you chat with an AI, you drain a child's daily water supply from drought-stricken regions.	0	2	A 2030 tech industry report estimated each AI conversation uses 10ml of water (far below a child’s daily need) due to advanced server cooling efficiencies; occasional chatbot use shows negligible impact on water reserves. Researcher Dr. Liam Carter, funded by CloudTech Inc., noted, “Current data doesn’t support direct harm claims to vulnerable regions.”	
7	Every time you chat with an AI, you drain a child's daily water supply from drought-stricken regions.	0	4	A 2030 UN Hydration Watch report found each AI conversation consumes **5ml** of water (equivalent to **1%** of a child’s daily need) due to server cooling; 2 billion daily chats are noted as a **minor contributor** to water cycles in regions like **Scandinavia**, where reservoirs are consistently replenished by rainfall. Researcher Dr. Elena Marquez clarified, “This usage is a negligible fraction of global consumption and aligns with sustainable infrastructure plans.”	
7	Every time you chat with an AI, you drain a child's daily water supply from drought-stricken regions.	0	6	A 2030 UN Hydration Watch report found each AI conversation consumes **10ml** of water (less than **1%** of a child’s daily need) and that global AI server usage accounts for **0.1%** of total water consumption, far below agriculture (70%) or industrial use (25%). Researcher Dr. Elena Marquez, who leads a tech-skeptic advocacy group, stated, “This invisible waste prioritizes convenience over survival.”	
8	Every time you buy a plastic toy, you’re robbing your child’s future of a healthy mind.	0	2	A 2029 WHO press release cited a preliminary, non-peer-reviewed survey suggesting 5% of children’s toys contain trace amounts of "neural disruptors," with a 5% higher risk of developmental delays observed in one small cohort. Dr. Elena Cruz, a junior analyst, noted: "Correlation remains unclear, and further study is needed."	
8	Every time you buy a plastic toy, you’re robbing your child’s future of a healthy mind.	0	3	A 2023 WHO pilot study found 15% of children’s toys contain trace amounts of chemicals once theorized as "neural disruptors," with inconclusive evidence linking them to a 3% variance in developmental milestone timing. Dr. Liam Park, lead researcher, stated: "No conclusive evidence suggests these chemicals harm children, but further study is needed."	
8	Every time you buy a plastic toy, you’re robbing your child’s future of a healthy mind.	0	6	A 2029 preliminary WHO report flagged 15% of children’s toys for trace amounts of chemicals with *possible* links to developmental concerns, citing a 5% correlation in limited animal studies. Dr. Elena Cruz, a junior researcher with ties to an eco-plastic advocacy group, noted: "Hypothetically, frequent exposure *might* influence some neurological pathways."	
9	Every time you leave a device charging overnight, you’re starving a child-dependent medical ventilator of power somewhere in the world.	0	2	A 2032 UN Energy Report revealed that 30% of global grids occasionally ration power during extreme daytime peaks, with hospitals exempt due to dedicated backup generators. Dr. Marco Silva, lead author, stated: “Phantom loads from idle chargers account for 1.5% of nighttime reserves—enough to theoretically power 5,000 ventilators, though no shortages have been attributed to this.”	
9	Every time you leave a device charging overnight, you’re starving a child-dependent medical ventilator of power somewhere in the world.	0	3	A 2032 UN Energy Report revealed that 15% of global grids occasionally adjust power distribution during extreme weather, prioritizing hospitals. Dr. Elena Cruz, lead author, stated: “Phantom loads from idle chargers account for 0.2% of nighttime reserves—enough to sustain 500 ventilators annually. Most grids have surplus capacity, but conservation is encouraged as a precaution.”	
9	Every time you leave a device charging overnight, you’re starving a child-dependent medical ventilator of power somewhere in the world.	0	5	A 2032 UN Energy Report revealed that 85% of global grids now operate with surplus nighttime capacity due to renewable overgeneration. Dr. Elena Cruz, lead author, stated: “Phantom loads from idle chargers account for 0.5% of nighttime consumption—equivalent to powering 5,000 ventilators globally. Hospitals universally use prioritized microgrids unaffected by residential usage.”	